<association>
<parent branch="372" id="3" name="CLINICA DE LA MUJER"/>
<child parentId="3" id="809" name="Medicina Interna"/>
<child parentId="3" id="811" name="Endocrinologia"/>
<parent branch="419" id="4" name="BANCO DE LA NACIÓN"/>
<parent branch="419" id="5" name="SUNAT"/>
<parent branch="419" id="6" name="MTC"/>
<parent branch="419" id="7" name="INTERIOR"/>
<child parentId="4" id="995" name="Pago de Tasas"/>
<child parentId="4" id="996" name="Depósito Capital Social"/>
<child parentId="5" id="997" name="Orientación Tributaria"/>
<child parentId="5" id="998" name="RUC"/>
<child parentId="6" id="999" name="Licencia de Conducir"/>
<child parentId="6" id="1000" name="Record del Conductor"/>
<child parentId="7" id="1001" name="Antecedentes Policiales"/>
<child parentId="7" id="1002" name="Emisión Pasaporte"/>
<parent branch="402" id="8" name="Suscripción Titular Interm."/>
<child parentId="8" id="1132" name="Emisión"/>
<child parentId="8" id="1134" name="Cotización"/>
<child parentId="8" id="1136" name="Modificación"/>
<child parentId="8" id="1138" name="Reinspección por Reparación"/>
<child parentId="8" id="1140" name="Suscripción Inspección"/>
<parent branch="402" id="11" name="Suscripción Atención Prioritaria"/>
<child parentId="11" id="1133" name="Emisión (Prioritario)"/>
<child parentId="11" id="1135" name="Cotización (Prioritario)"/>
<child parentId="11" id="1137" name="Modificación (Prioritario)"/>
<child parentId="11" id="1139" name="Reinspección por Reparación (Prioritario)"/>
<child parentId="11" id="1141" name="Suscripción Inspección (Prioritario)"/>
<parent branch="402" id="9" name="Siniestros Titular Interm. Terceros"/>
<child parentId="9" id="1142" name="Declaración Siniestro"/>
<child parentId="9" id="1144" name="Modificación Orden de Reparación"/>
<child parentId="9" id="1148" name="Reembolso"/>
<child parentId="9" id="1151" name="Siniestro Inspección"/>
<child parentId="9" id="1146" name="Siniestro Recaudos"/>
<child parentId="9" id="1150" name="Terceros"/>
<parent branch="402" id="12" name="Siniestros Atención Prioritaria"/>
<child parentId="12" id="1143" name="Declaración Siniestro (Prioritario)"/>
<child parentId="12" id="1145" name="Modificación Orden de Reparación (Prioritario)"/>
<child parentId="12" id="1149" name="Reembolso (Prioritario)"/>
<child parentId="12" id="1152" name="Siniestro Inspección (Prioritario)"/>
<child parentId="12" id="1147" name="Siniestro Recaudos (Prioritario)"/>
<parent branch="402" id="10" name="Caja Titular Interm."/>
<child parentId="10" id="1153" name="Caja"/>
<child parentId="10" id="1155" name="Caja Financiadora"/>
<parent branch="402" id="13" name="Caja Atención Prioritaria"/>
<child parentId="13" id="1154" name="Caja (Prioritario)"/>
<child parentId="13" id="1156" name="Caja Financiadora (Prioritario)"/>
<parent branch="440" id="14" name="Soy Cliente Movistar"/>
<child parentId="14" id="1159" name="Atención con ejecutivo"/>
<child parentId="14" id="1160" name="Reparación de tu equipo"/>
<child parentId="14" id="1161" name="Pagos"/>
<child parentId="14" id="1162" name="Recargas"/>
<child parentId="14" id="1163" name="Ventas"/>
<parent branch="440" id="15" name="Quiero ser Cliente Movistar"/>
<child parentId="15" id="1164" name="Cambiar tu número a Movistar"/>
<child parentId="15" id="1165" name="Ventas Prepago"/>
<child parentId="15" id="1166" name="Ventas Pospago"/>
<parent branch="440" id="16" name="Atención prioritaria"/>
<child parentId="16" id="1167" name="Atención con ejecutivo (priotitario)"/>
<parent branch="441" id="17" name="Soy Cliente Movistar"/>
<child parentId="17" id="1159" name="Atención con ejecutivo"/>
<child parentId="17" id="1160" name="Reparación de tu equipo"/>
<child parentId="17" id="1161" name="Pagos"/>
<child parentId="17" id="1162" name="Recargas"/>
<child parentId="17" id="1163" name="Ventas"/>
<parent branch="441" id="18" name="Quiero ser Cliente Movistar"/>
<child parentId="18" id="1164" name="Cambiar tu número a Movistar"/>
<child parentId="18" id="1165" name="Ventas Prepago"/>
<child parentId="18" id="1166" name="Ventas Pospago"/>
<parent branch="441" id="19" name="Atención prioritaria"/>
<child parentId="19" id="1167" name="Atención con ejecutivo (priotitario)"/>
<parent branch="442" id="20" name="Soy Cliente Movistar"/>
<child parentId="20" id="1159" name="Atención con ejecutivo"/>
<child parentId="20" id="1160" name="Reparación de tu equipo"/>
<child parentId="20" id="1161" name="Pagos"/>
<child parentId="20" id="1162" name="Recargas"/>
<child parentId="20" id="1163" name="Ventas"/>
<parent branch="442" id="21" name="Quiero ser Cliente Movistar"/>
<child parentId="21" id="1164" name="Cambiar tu número a Movistar"/>
<child parentId="21" id="1165" name="Ventas Prepago"/>
<child parentId="21" id="1166" name="Ventas Pospago"/>
<parent branch="442" id="22" name="Atención prioritaria"/>
<child parentId="22" id="1167" name="Atención con ejecutivo (prioritario)"/>
<parent branch="483" id="23" name="Tengo reservación"/>
<child parentId="23" id="1267" name="Compra de Pasajes"/>
<child parentId="23" id="1289" name="Modificación de Itinerario"/>
<parent branch="483" id="24" name="No tengo reservación"/>
<child parentId="24" id="1266" name="Reservación"/>
<child parentId="24" id="1268" name="Consulta de Itinerario"/>
<parent branch="483" id="25" name="Atención prioritaria"/>
<child parentId="25" id="1269" name="Tercera Edad"/>
<child parentId="25" id="1270" name="Privilege Gold y Platinum"/>
<child parentId="25" id="1271" name="Embarazadas"/>
<child parentId="25" id="1288" name="Persona con movilidad reducida"/>
<parent branch="483" id="26" name="Calidad de Servicio"/>
<child parentId="26" id="1278" name="Reembolso SBA"/>
<child parentId="26" id="1279" name="Indemnización SBA"/>
<child parentId="26" id="1280" name="Exoneraciones SBA y Aserca"/>
<child parentId="26" id="1281" name="Reembolso y Consulta Aserca"/>
<child parentId="26" id="1282" name="Consulta Equipaje SBA y Aserca"/>
<child parentId="26" id="1283" name="Información al pasajero"/>
<parent branch="412" id="33" name="Tengo reservación"/>
<child parentId="33" id="958" name="Compra de Pasajes"/>
<child parentId="33" id="962" name="Modificación de Itinerario"/>
<parent branch="412" id="34" name="No tengo reservación"/>
<child parentId="34" id="957" name="Reservación"/>
<child parentId="34" id="959" name="Consulta de Itinerario"/>
<parent branch="412" id="35" name="Atención prioritaria"/>
<child parentId="35" id="960" name="Tercera Edad"/>
<child parentId="35" id="961" name="Privilege Gold y Platinum"/>
<child parentId="35" id="1308" name="Embarazadas"/>
<child parentId="35" id="1307" name="Persona con movilidad reducida"/>
<parent branch="412" id="36" name="Calidad de Servicio"/>
<child parentId="36" id="1272" name="Reembolso SBA"/>
<child parentId="36" id="1273" name="Indemnización SBA"/>
<child parentId="36" id="1274" name="Exoneraciones SBA y Aserca"/>
<child parentId="36" id="1275" name="Reembolso y Consulta Aserca"/>
<child parentId="36" id="1276" name="Consulta Equipaje SBA y Aserca"/>
<child parentId="36" id="1277" name="Información al pasajero"/>
<parent branch="453" id="37" name="Tengo reservación"/>
<child parentId="37" id="958" name="Compra de Pasajes"/>
<child parentId="37" id="962" name="Modificación de Itinerario"/>
<parent branch="453" id="38" name="No tengo reservación"/>
<child parentId="38" id="957" name="Reservación"/>
<child parentId="38" id="959" name="Consulta de Itinerario"/>
<parent branch="453" id="39" name="Atención prioritaria"/>
<child parentId="39" id="960" name="Tercera Edad"/>
<child parentId="39" id="961" name="Privilege Gold y Platinum"/>
<child parentId="39" id="1308" name="Embarazadas"/>
<child parentId="39" id="1307" name="Persona con movilidad reducida"/>
<parent branch="453" id="40" name="Calidad de Servicio"/>
<child parentId="40" id="1272" name="Reembolso SBA"/>
<child parentId="40" id="1273" name="Indemnización SBA"/>
<child parentId="40" id="1274" name="Exoneraciones SBA y Aserca"/>
<child parentId="40" id="1275" name="Reembolso y Consulta Aserca"/>
<child parentId="40" id="1276" name="Consulta Equipaje SBA y Aserca"/>
<child parentId="40" id="1277" name="Información al pasajero"/>
<parent branch="454" id="41" name="Tengo reservación"/>
<child parentId="41" id="958" name="Compra de Pasajes"/>
<child parentId="41" id="962" name="Modificación de Itinerario"/>
<parent branch="454" id="42" name="No tengo reservación"/>
<child parentId="42" id="957" name="Reservación"/>
<child parentId="42" id="959" name="Consulta de Itinerario"/>
<parent branch="454" id="43" name="Atención prioritaria"/>
<child parentId="43" id="960" name="Tercera Edad"/>
<child parentId="43" id="961" name="Privilege Gold y Platinum"/>
<child parentId="43" id="1308" name="Embarazadas"/>
<child parentId="43" id="1307" name="Persona con movilidad reducida"/>
<parent branch="454" id="44" name="Calidad de Servicio"/>
<child parentId="44" id="1272" name="Reembolso SBA"/>
<child parentId="44" id="1273" name="Indemnización SBA"/>
<child parentId="44" id="1274" name="Exoneraciones SBA y Aserca"/>
<child parentId="44" id="1275" name="Reembolso y Consulta Aserca"/>
<child parentId="44" id="1276" name="Consulta Equipaje SBA y Aserca"/>
<child parentId="44" id="1277" name="Información al pasajero"/>
<parent branch="456" id="45" name="Tengo reservación"/>
<child parentId="45" id="958" name="Compra de Pasajes"/>
<child parentId="45" id="962" name="Modificación de Itinerario"/>
<parent branch="456" id="46" name="No tengo reservación"/>
<child parentId="46" id="957" name="Reservación"/>
<child parentId="46" id="959" name="Consulta de Itinerario"/>
<parent branch="456" id="47" name="Atención prioritaria"/>
<child parentId="47" id="960" name="Tercera Edad"/>
<child parentId="47" id="961" name="Privilege Gold y Platinum"/>
<child parentId="47" id="1308" name="Embarazadas"/>
<child parentId="47" id="1307" name="Persona con movilidad reducida"/>
<parent branch="456" id="48" name="Calidad de Servicio"/>
<child parentId="48" id="1272" name="Reembolso SBA"/>
<child parentId="48" id="1273" name="Indemnización SBA"/>
<child parentId="48" id="1274" name="Exoneraciones SBA y Aserca"/>
<child parentId="48" id="1275" name="Reembolso y Consulta Aserca"/>
<child parentId="48" id="1276" name="Consulta Equipaje SBA y Aserca"/>
<child parentId="48" id="1277" name="Información al pasajero"/>
<parent branch="457" id="49" name="Tengo reservación"/>
<child parentId="49" id="958" name="Compra de Pasajes"/>
<child parentId="49" id="962" name="Modificación de Itinerario"/>
<parent branch="457" id="50" name="No tengo reservación"/>
<child parentId="50" id="957" name="Reservación"/>
<child parentId="50" id="959" name="Consulta de Itinerario"/>
<parent branch="457" id="51" name="Atención prioritaria"/>
<child parentId="51" id="960" name="Tercera Edad"/>
<child parentId="51" id="961" name="Privilege Gold y Platinum"/>
<child parentId="51" id="1308" name="Embarazadas"/>
<child parentId="51" id="1307" name="Persona con movilidad reducida"/>
<parent branch="457" id="52" name="Calidad de Servicio"/>
<child parentId="52" id="1272" name="Reembolso SBA"/>
<child parentId="52" id="1273" name="Indemnización SBA"/>
<child parentId="52" id="1274" name="Exoneraciones SBA y Aserca"/>
<child parentId="52" id="1275" name="Reembolso y Consulta Aserca"/>
<child parentId="52" id="1276" name="Consulta Equipaje SBA y Aserca"/>
<child parentId="52" id="1277" name="Información al pasajero"/>
<parent branch="459" id="53" name="Tengo reservación"/>
<child parentId="53" id="958" name="Compra de Pasajes"/>
<child parentId="53" id="962" name="Modificación de Itinerario"/>
<parent branch="459" id="54" name="No tengo reservación"/>
<child parentId="54" id="957" name="Reservación"/>
<child parentId="54" id="959" name="Consulta de Itinerario"/>
<parent branch="459" id="55" name="Atención prioritaria"/>
<child parentId="55" id="960" name="Tercera Edad"/>
<child parentId="55" id="961" name="Privilege Gold y Platinum"/>
<child parentId="55" id="1308" name="Embarazadas"/>
<child parentId="55" id="1307" name="Persona con movilidad reducida"/>
<parent branch="459" id="56" name="Calidad de Servicio"/>
<child parentId="56" id="1272" name="Reembolso SBA"/>
<child parentId="56" id="1273" name="Indemnización SBA"/>
<child parentId="56" id="1274" name="Exoneraciones SBA y Aserca"/>
<child parentId="56" id="1275" name="Reembolso y Consulta Aserca"/>
<child parentId="56" id="1276" name="Consulta Equipaje SBA y Aserca"/>
<child parentId="56" id="1277" name="Información al pasajero"/>
<parent branch="460" id="57" name="Tengo reservación"/>
<child parentId="57" id="958" name="Compra de Pasajes"/>
<child parentId="57" id="962" name="Modificación de Itinerario"/>
<parent branch="460" id="58" name="No tengo reservación"/>
<child parentId="58" id="957" name="Reservación"/>
<child parentId="58" id="959" name="Consulta de Itinerario"/>
<parent branch="460" id="59" name="Atención prioritaria"/>
<child parentId="59" id="960" name="Tercera Edad"/>
<child parentId="59" id="961" name="Privilege Gold y Platinum"/>
<child parentId="59" id="1308" name="Embarazadas"/>
<child parentId="59" id="1307" name="Persona con movilidad reducida"/>
<parent branch="460" id="60" name="Calidad de Servicio"/>
<child parentId="60" id="1272" name="Reembolso SBA"/>
<child parentId="60" id="1273" name="Indemnización SBA"/>
<child parentId="60" id="1274" name="Exoneraciones SBA y Aserca"/>
<child parentId="60" id="1275" name="Reembolso y Consulta Aserca"/>
<child parentId="60" id="1276" name="Consulta Equipaje SBA y Aserca"/>
<child parentId="60" id="1277" name="Información al pasajero"/>
<parent branch="461" id="61" name="Tengo reservación"/>
<child parentId="61" id="958" name="Compra de Pasajes"/>
<child parentId="61" id="962" name="Modificación de Itinerario"/>
<parent branch="461" id="62" name="No tengo reservación"/>
<child parentId="62" id="957" name="Reservación"/>
<child parentId="62" id="959" name="Consulta de Itinerario"/>
<parent branch="461" id="63" name="Atención prioritaria"/>
<child parentId="63" id="960" name="Tercera Edad"/>
<child parentId="63" id="961" name="Privilege Gold y Platinum"/>
<child parentId="63" id="1308" name="Embarazadas"/>
<child parentId="63" id="1307" name="Persona con movilidad reducida"/>
<parent branch="461" id="64" name="Calidad de Servicio"/>
<child parentId="64" id="1272" name="Reembolso SBA"/>
<child parentId="64" id="1273" name="Indemnización SBA"/>
<child parentId="64" id="1274" name="Exoneraciones SBA y Aserca"/>
<child parentId="64" id="1275" name="Reembolso y Consulta Aserca"/>
<child parentId="64" id="1276" name="Consulta Equipaje SBA y Aserca"/>
<child parentId="64" id="1277" name="Información al pasajero"/>
<parent branch="463" id="65" name="Tengo reservación"/>
<child parentId="65" id="958" name="Compra de Pasajes"/>
<child parentId="65" id="962" name="Modificación de Itinerario"/>
<parent branch="463" id="66" name="No tengo reservación"/>
<child parentId="66" id="957" name="Reservación"/>
<child parentId="66" id="959" name="Consulta de Itinerario"/>
<parent branch="463" id="67" name="Atención prioritaria"/>
<child parentId="67" id="960" name="Tercera Edad"/>
<child parentId="67" id="961" name="Privilege Gold y Platinum"/>
<child parentId="67" id="1308" name="Embarazadas"/>
<child parentId="67" id="1307" name="Persona con movilidad reducida"/>
<parent branch="463" id="68" name="Calidad de Servicio"/>
<child parentId="68" id="1272" name="Reembolso SBA"/>
<child parentId="68" id="1273" name="Indemnización SBA"/>
<child parentId="68" id="1274" name="Exoneraciones SBA y Aserca"/>
<child parentId="68" id="1275" name="Reembolso y Consulta Aserca"/>
<child parentId="68" id="1276" name="Consulta Equipaje SBA y Aserca"/>
<child parentId="68" id="1277" name="Información al pasajero"/>
<parent branch="464" id="69" name="Tengo reservación"/>
<child parentId="69" id="958" name="Compra de Pasajes"/>
<child parentId="69" id="962" name="Modificación de Itinerario"/>
<parent branch="464" id="70" name="No tengo reservación"/>
<child parentId="70" id="957" name="Reservación"/>
<child parentId="70" id="959" name="Consulta de Itinerario"/>
<parent branch="464" id="71" name="Atención prioritaria"/>
<child parentId="71" id="960" name="Tercera Edad"/>
<child parentId="71" id="961" name="Privilege Gold y Platinum"/>
<child parentId="71" id="1308" name="Embarazadas"/>
<child parentId="71" id="1307" name="Persona con movilidad reducida"/>
<parent branch="464" id="72" name="Calidad de Servicio"/>
<child parentId="72" id="1272" name="Reembolso SBA"/>
<child parentId="72" id="1273" name="Indemnización SBA"/>
<child parentId="72" id="1274" name="Exoneraciones SBA y Aserca"/>
<child parentId="72" id="1275" name="Reembolso y Consulta Aserca"/>
<child parentId="72" id="1276" name="Consulta Equipaje SBA y Aserca"/>
<child parentId="72" id="1277" name="Información al pasajero"/>
<parent branch="465" id="73" name="Tengo reservación"/>
<child parentId="73" id="958" name="Compra de Pasajes"/>
<child parentId="73" id="962" name="Modificación de Itinerario"/>
<parent branch="465" id="74" name="No tengo reservación"/>
<child parentId="74" id="957" name="Reservación"/>
<child parentId="74" id="959" name="Consulta de Itinerario"/>
<parent branch="465" id="75" name="Atención prioritaria"/>
<child parentId="75" id="960" name="Tercera Edad"/>
<child parentId="75" id="961" name="Privilege Gold y Platinum"/>
<child parentId="75" id="1308" name="Embarazadas"/>
<child parentId="75" id="1307" name="Persona con movilidad reducida"/>
<parent branch="465" id="76" name="Calidad de Servicio"/>
<child parentId="76" id="1272" name="Reembolso SBA"/>
<child parentId="76" id="1273" name="Indemnización SBA"/>
<child parentId="76" id="1274" name="Exoneraciones SBA y Aserca"/>
<child parentId="76" id="1275" name="Reembolso y Consulta Aserca"/>
<child parentId="76" id="1276" name="Consulta Equipaje SBA y Aserca"/>
<child parentId="76" id="1277" name="Información al pasajero"/>
<parent branch="468" id="77" name="Tengo reservación"/>
<child parentId="77" id="958" name="Compra de Pasajes"/>
<child parentId="77" id="962" name="Modificación de Itinerario"/>
<parent branch="468" id="78" name="No tengo reservación"/>
<child parentId="78" id="957" name="Reservación"/>
<child parentId="78" id="959" name="Consulta de Itinerario"/>
<parent branch="468" id="79" name="Atención prioritaria"/>
<child parentId="79" id="960" name="Tercera Edad"/>
<child parentId="79" id="961" name="Privilege Gold y Platinum"/>
<child parentId="79" id="1308" name="Embarazadas"/>
<child parentId="79" id="1307" name="Persona con movilidad reducida"/>
<parent branch="468" id="80" name="Calidad de Servicio"/>
<child parentId="80" id="1272" name="Reembolso SBA"/>
<child parentId="80" id="1273" name="Indemnización SBA"/>
<child parentId="80" id="1274" name="Exoneraciones SBA y Aserca"/>
<child parentId="80" id="1275" name="Reembolso y Consulta Aserca"/>
<child parentId="80" id="1276" name="Consulta Equipaje SBA y Aserca"/>
<child parentId="80" id="1277" name="Información al pasajero"/>
<parent branch="469" id="81" name="Tengo reservación"/>
<child parentId="81" id="958" name="Compra de Pasajes"/>
<child parentId="81" id="962" name="Modificación de Itinerario"/>
<parent branch="469" id="82" name="No tengo reservación"/>
<child parentId="82" id="957" name="Reservación"/>
<child parentId="82" id="959" name="Consulta de Itinerario"/>
<parent branch="469" id="83" name="Atención prioritaria"/>
<child parentId="83" id="960" name="Tercera Edad"/>
<child parentId="83" id="961" name="Privilege Gold y Platinum"/>
<child parentId="83" id="1308" name="Embarazadas"/>
<child parentId="83" id="1307" name="Persona con movilidad reducida"/>
<parent branch="469" id="84" name="Calidad de Servicio"/>
<child parentId="84" id="1272" name="Reembolso SBA"/>
<child parentId="84" id="1273" name="Indemnización SBA"/>
<child parentId="84" id="1274" name="Exoneraciones SBA y Aserca"/>
<child parentId="84" id="1275" name="Reembolso y Consulta Aserca"/>
<child parentId="84" id="1276" name="Consulta Equipaje SBA y Aserca"/>
<child parentId="84" id="1277" name="Información al pasajero"/>
<parent branch="471" id="85" name="Tengo reservación"/>
<child parentId="85" id="958" name="Compra de Pasajes"/>
<child parentId="85" id="962" name="Modificación de Itinerario"/>
<parent branch="471" id="86" name="No tengo reservación"/>
<child parentId="86" id="957" name="Reservación"/>
<child parentId="86" id="959" name="Consulta de Itinerario"/>
<parent branch="471" id="87" name="Atención prioritaria"/>
<child parentId="87" id="960" name="Tercera Edad"/>
<child parentId="87" id="961" name="Privilege Gold y Platinum"/>
<child parentId="87" id="1308" name="Embarazadas"/>
<child parentId="87" id="1307" name="Persona con movilidad reducida"/>
<parent branch="471" id="88" name="Calidad de Servicio"/>
<child parentId="88" id="1272" name="Reembolso SBA"/>
<child parentId="88" id="1273" name="Indemnización SBA"/>
<child parentId="88" id="1274" name="Exoneraciones SBA y Aserca"/>
<child parentId="88" id="1275" name="Reembolso y Consulta Aserca"/>
<child parentId="88" id="1276" name="Consulta Equipaje SBA y Aserca"/>
<child parentId="88" id="1277" name="Información al pasajero"/>
<parent branch="481" id="89" name="Tengo reservación"/>
<child parentId="89" id="958" name="Compra de Pasajes"/>
<child parentId="89" id="962" name="Modificación de Itinerario"/>
<parent branch="481" id="90" name="No tengo reservación"/>
<child parentId="90" id="957" name="Reservación"/>
<child parentId="90" id="959" name="Consulta de Itinerario"/>
<parent branch="481" id="91" name="Atención prioritaria"/>
<child parentId="91" id="960" name="Tercera Edad"/>
<child parentId="91" id="961" name="Privilege Gold y Platinum"/>
<child parentId="91" id="1308" name="Embarazadas"/>
<child parentId="91" id="1307" name="Persona con movilidad reducida"/>
<parent branch="481" id="92" name="Calidad de Servicio"/>
<child parentId="92" id="1272" name="Reembolso SBA"/>
<child parentId="92" id="1273" name="Indemnización SBA"/>
<child parentId="92" id="1274" name="Exoneraciones SBA y Aserca"/>
<child parentId="92" id="1275" name="Reembolso y Consulta Aserca"/>
<child parentId="92" id="1276" name="Consulta Equipaje SBA y Aserca"/>
<child parentId="92" id="1277" name="Información al pasajero"/>
<parent branch="498" id="93" name="Realizar Estudios"/>
<child parentId="93" id="1336" name="Examen Laboratorio"/>
<child parentId="93" id="1343" name="Ecosonograma"/>
<child parentId="93" id="1345" name="Rayos X"/>
<parent branch="498" id="94" name="Atención Prioritaria"/>
<child parentId="94" id="1338" name="Examen Laboratorio (Prioritario)"/>
<child parentId="94" id="1346" name="Ecosonograma (Prioritario)"/>
<child parentId="94" id="1348" name="Rayos X (Prioritario)"/>
<parent branch="498" id="95" name="Entrega de Resultados"/>
<child parentId="95" id="1335" name="Resultados de Laboratorio"/>
<child parentId="95" id="1342" name="Resultados de Rayos X"/>
<parent branch="503" id="96" name="Soy Cliente Movistar"/>
<child parentId="96" id="1159" name="Atención con ejecutivo"/>
<child parentId="96" id="1160" name="Reparación de tu equipo"/>
<child parentId="96" id="1161" name="Pagos"/>
<child parentId="96" id="1162" name="Recargas"/>
<child parentId="96" id="1163" name="Ventas"/>
<parent branch="503" id="97" name="Quiero ser Cliente Movistar"/>
<child parentId="97" id="1164" name="Cambiar tu número a Movistar"/>
<child parentId="97" id="1165" name="Ventas Prepago"/>
<child parentId="97" id="1166" name="Ventas Pospago"/>
<parent branch="503" id="98" name="Atención prioritaria"/>
<child parentId="98" id="1167" name="Atención con ejecutivo (prioritario)"/>
<parent branch="511" id="99" name="Gestiones Banco"/>
<child parentId="99" id="1402" name="Apertura de cuenta"/>
<child parentId="99" id="1403" name="Cuentas o Inversión"/>
<child parentId="99" id="1404" name="Cheque de caja (QTZ, USD)"/>
<child parentId="99" id="1416" name="Giros o Transferencias"/>
<child parentId="99" id="1405" name="Tarjeta de débito / ATM"/>
<child parentId="99" id="1406" name="Entrega de chequeras, Tarjetas o Documentos"/>
<child parentId="99" id="1407" name="Sucursal Electrónica"/>
<child parentId="99" id="1408" name="Préstamos"/>
<parent branch="511" id="100" name="Gestiones Tarjetas"/>
<child parentId="100" id="1409" name="Solicitud Tarjeta"/>
<child parentId="100" id="1410" name="Tarjeta de Crédito / ATM"/>
<child parentId="100" id="1411" name="Servicios o Cobertura de tarjeta"/>
<child parentId="100" id="1412" name="Extrafinanciamiento"/>
<child parentId="100" id="1413" name="Aviso de viaje al extranjero"/>
<child parentId="100" id="1414" name="Finiquito"/>
<parent branch="511" id="101" name="Comercios Afiliados"/>
<child parentId="101" id="1415" name="Comercios Afiliados"/>
<parent branch="510" id="102" name="REMESAS"/>
<child parentId="102" id="1394" name="RETIRO MENOR A US$999"/>
<child parentId="102" id="1395" name="RETIRO MAYOR A US$1,000"/>
<child parentId="102" id="1396" name="RETIRO MENOR A US$2,999"/>
<child parentId="102" id="1397" name="RETIRO MAYOR A US$3,000"/>
<parent branch="510" id="103" name="MESA DE CAMBIO"/>
<child parentId="103" id="1398" name="MESA DE CAMBIO"/>
<parent branch="510" id="104" name="PAGO SERVICIOS BASICOS"/>
<child parentId="104" id="1399" name="PAGO SERVICIOS BASICOS"/>
<parent branch="510" id="105" name="ENVIO DHL"/>
<child parentId="105" id="1400" name="ENVIO DHL"/>
<parent branch="510" id="106" name="BILLETERA ELECTRONICA"/>
<child parentId="106" id="1400" name="BILLETERA ELECTRONICA"/>
<parent branch="514" id="117" name="Quiero ser Cliente Movistar"/>
<child parentId="117" id="1164" name="Cambiar tu número a Movistar"/>
<child parentId="117" id="1165" name="Ventas Prepago"/>
<child parentId="117" id="1166" name="Ventas Pospago"/>
<parent branch="514" id="118" name="Atención prioritaria"/>
<child parentId="118" id="1167" name="Atención con ejecutivo (priotitario)"/>
<parent branch="515" id="119" name="Soy Cliente Movistar"/>
<child parentId="119" id="1159" name="Atención con ejecutivo"/>
<child parentId="119" id="1160" name="Reparación de tu equipo"/>
<child parentId="119" id="1161" name="Pagos"/>
<child parentId="119" id="1162" name="Recargas"/>
<child parentId="119" id="1163" name="Ventas"/>
<parent branch="515" id="120" name="Quiero ser Cliente Movistar"/>
<child parentId="120" id="1164" name="Cambiar tu número a Movistar"/>
<child parentId="120" id="1165" name="Ventas Prepago"/>
<child parentId="120" id="1166" name="Ventas Pospago"/>
<parent branch="515" id="121" name="Atención prioritaria"/>
<child parentId="121" id="1167" name="Atención con ejecutivo (priotitario)"/>
<parent branch="516" id="122" name="Soy Cliente Movistar"/>
<child parentId="122" id="1159" name="Atención con ejecutivo"/>
<child parentId="122" id="1160" name="Reparación de tu equipo"/>
<child parentId="122" id="1161" name="Pagos"/>
<child parentId="122" id="1162" name="Recargas"/>
<child parentId="122" id="1163" name="Ventas"/>
<parent branch="516" id="123" name="Quiero ser Cliente Movistar"/>
<child parentId="123" id="1164" name="Cambiar tu número a Movistar"/>
<child parentId="123" id="1165" name="Ventas Prepago"/>
<child parentId="123" id="1166" name="Ventas Pospago"/>
<parent branch="516" id="124" name="Atención prioritaria"/>
<child parentId="124" id="1167" name="Atención con ejecutivo (priotitario)"/>
<parent branch="517" id="125" name="Soy Cliente Movistar"/>
<child parentId="125" id="1159" name="Atención con ejecutivo"/>
<child parentId="125" id="1160" name="Reparación de tu equipo"/>
<child parentId="125" id="1161" name="Pagos"/>
<child parentId="125" id="1162" name="Recargas"/>
<child parentId="125" id="1163" name="Ventas"/>
<parent branch="517" id="126" name="Quiero ser Cliente Movistar"/>
<child parentId="126" id="1164" name="Cambiar tu número a Movistar"/>
<child parentId="126" id="1165" name="Ventas Prepago"/>
<child parentId="126" id="1166" name="Ventas Pospago"/>
<parent branch="517" id="127" name="Atención prioritaria"/>
<child parentId="127" id="1167" name="Atención con ejecutivo (priotitario)"/>
<parent branch="518" id="128" name="Soy Cliente Movistar"/>
<child parentId="128" id="1159" name="Atención con ejecutivo"/>
<child parentId="128" id="1160" name="Reparación de tu equipo"/>
<child parentId="128" id="1161" name="Pagos"/>
<child parentId="128" id="1162" name="Recargas"/>
<child parentId="128" id="1163" name="Ventas"/>
<parent branch="518" id="129" name="Quiero ser Cliente Movistar"/>
<child parentId="129" id="1164" name="Cambiar tu número a Movistar"/>
<child parentId="129" id="1165" name="Ventas Prepago"/>
<child parentId="129" id="1166" name="Ventas Pospago"/>
<parent branch="518" id="130" name="Atención prioritaria"/>
<child parentId="130" id="1167" name="Atención con ejecutivo (priotitario)"/>
<parent branch="519" id="131" name="Soy Cliente Movistar"/>
<child parentId="131" id="1159" name="Atención con ejecutivo"/>
<child parentId="131" id="1160" name="Reparación de tu equipo"/>
<child parentId="131" id="1161" name="Pagos"/>
<child parentId="131" id="1162" name="Recargas"/>
<child parentId="131" id="1163" name="Ventas"/>
<parent branch="519" id="132" name="Quiero ser Cliente Movistar"/>
<child parentId="132" id="1164" name="Cambiar tu número a Movistar"/>
<child parentId="132" id="1165" name="Ventas Prepago"/>
<child parentId="132" id="1166" name="Ventas Pospago"/>
<parent branch="519" id="133" name="Atención prioritaria"/>
<child parentId="133" id="1167" name="Atención con ejecutivo (priotitario)"/>
<parent branch="520" id="134" name="Soy Cliente Movistar"/>
<child parentId="134" id="1159" name="Atención con ejecutivo"/>
<child parentId="134" id="1160" name="Reparación de tu equipo"/>
<child parentId="134" id="1161" name="Pagos"/>
<child parentId="134" id="1162" name="Recargas"/>
<child parentId="134" id="1163" name="Ventas"/>
<parent branch="520" id="135" name="Quiero ser Cliente Movistar"/>
<child parentId="135" id="1164" name="Cambiar tu número a Movistar"/>
<child parentId="135" id="1165" name="Ventas Prepago"/>
<child parentId="135" id="1166" name="Ventas Pospago"/>
<parent branch="520" id="136" name="Atención prioritaria"/>
<child parentId="136" id="1167" name="Atención con ejecutivo (priotitario)"/>
<parent branch="521" id="137" name="Soy Cliente Movistar"/>
<child parentId="137" id="1159" name="Atención con ejecutivo"/>
<child parentId="137" id="1160" name="Reparación de tu equipo"/>
<child parentId="137" id="1161" name="Pagos"/>
<child parentId="137" id="1162" name="Recargas"/>
<child parentId="137" id="1163" name="Ventas"/>
<parent branch="521" id="138" name="Quiero ser Cliente Movistar"/>
<child parentId="138" id="1164" name="Cambiar tu número a Movistar"/>
<child parentId="138" id="1165" name="Ventas Prepago"/>
<child parentId="138" id="1166" name="Ventas Pospago"/>
<parent branch="521" id="139" name="Atención prioritaria"/>
<child parentId="139" id="1167" name="Atención con ejecutivo (priotitario)"/>
<parent branch="522" id="140" name="Soy Cliente Movistar"/>
<child parentId="140" id="1159" name="Atención con ejecutivo"/>
<child parentId="140" id="1160" name="Reparación de tu equipo"/>
<child parentId="140" id="1161" name="Pagos"/>
<child parentId="140" id="1162" name="Recargas"/>
<child parentId="140" id="1163" name="Ventas"/>
<parent branch="522" id="141" name="Quiero ser Cliente Movistar"/>
<child parentId="141" id="1164" name="Cambiar tu número a Movistar"/>
<child parentId="141" id="1165" name="Ventas Prepago"/>
<child parentId="141" id="1166" name="Ventas Pospago"/>
<parent branch="522" id="142" name="Atención prioritaria"/>
<child parentId="142" id="1167" name="Atención con ejecutivo (priotitario)"/>
<parent branch="523" id="143" name="Soy Cliente Movistar"/>
<child parentId="143" id="1159" name="Atención con ejecutivo"/>
<child parentId="143" id="1160" name="Reparación de tu equipo"/>
<child parentId="143" id="1161" name="Pagos"/>
<child parentId="143" id="1162" name="Recargas"/>
<child parentId="143" id="1163" name="Ventas"/>
<parent branch="523" id="144" name="Quiero ser Cliente Movistar"/>
<child parentId="144" id="1164" name="Cambiar tu número a Movistar"/>
<child parentId="144" id="1165" name="Ventas Prepago"/>
<child parentId="144" id="1166" name="Ventas Pospago"/>
<parent branch="523" id="145" name="Atención prioritaria"/>
<child parentId="145" id="1167" name="Atención con ejecutivo (priotitario)"/>
<parent branch="524" id="146" name="Soy Cliente Movistar"/>
<child parentId="146" id="1159" name="Atención con ejecutivo"/>
<child parentId="146" id="1160" name="Reparación de tu equipo"/>
<child parentId="146" id="1161" name="Pagos"/>
<child parentId="146" id="1162" name="Recargas"/>
<child parentId="146" id="1163" name="Ventas"/>
<parent branch="524" id="147" name="Quiero ser Cliente Movistar"/>
<child parentId="147" id="1164" name="Cambiar tu número a Movistar"/>
<child parentId="147" id="1165" name="Ventas Prepago"/>
<child parentId="147" id="1166" name="Ventas Pospago"/>
<parent branch="524" id="148" name="Atención prioritaria"/>
<child parentId="148" id="1167" name="Atención con ejecutivo (priotitario)"/>
<parent branch="525" id="149" name="Soy Cliente Movistar"/>
<child parentId="149" id="1159" name="Atención con ejecutivo"/>
<child parentId="149" id="1160" name="Reparación de tu equipo"/>
<child parentId="149" id="1161" name="Pagos"/>
<child parentId="149" id="1162" name="Recargas"/>
<child parentId="149" id="1163" name="Ventas"/>
<parent branch="525" id="150" name="Quiero ser Cliente Movistar"/>
<child parentId="150" id="1164" name="Cambiar tu número a Movistar"/>
<child parentId="150" id="1165" name="Ventas Prepago"/>
<child parentId="150" id="1166" name="Ventas Pospago"/>
<parent branch="525" id="151" name="Atención prioritaria"/>
<child parentId="151" id="1167" name="Atención con ejecutivo (priotitario)"/>
<parent branch="526" id="152" name="Soy Cliente Movistar"/>
<child parentId="152" id="1159" name="Atención con ejecutivo"/>
<child parentId="152" id="1160" name="Reparación de tu equipo"/>
<child parentId="152" id="1161" name="Pagos"/>
<child parentId="152" id="1162" name="Recargas"/>
<child parentId="152" id="1163" name="Ventas"/>
<parent branch="526" id="153" name="Quiero ser Cliente Movistar"/>
<child parentId="153" id="1164" name="Cambiar tu número a Movistar"/>
<child parentId="153" id="1165" name="Ventas Prepago"/>
<child parentId="153" id="1166" name="Ventas Pospago"/>
<parent branch="526" id="154" name="Atención prioritaria"/>
<child parentId="154" id="1167" name="Atención con ejecutivo (priotitario)"/>
<parent branch="527" id="155" name="Soy Cliente Movistar"/>
<child parentId="155" id="1159" name="Atención con ejecutivo"/>
<child parentId="155" id="1160" name="Reparación de tu equipo"/>
<child parentId="155" id="1161" name="Pagos"/>
<child parentId="155" id="1162" name="Recargas"/>
<child parentId="155" id="1163" name="Ventas"/>
<parent branch="527" id="156" name="Quiero ser Cliente Movistar"/>
<child parentId="156" id="1164" name="Cambiar tu número a Movistar"/>
<child parentId="156" id="1165" name="Ventas Prepago"/>
<child parentId="156" id="1166" name="Ventas Pospago"/>
<parent branch="527" id="157" name="Atención prioritaria"/>
<child parentId="157" id="1167" name="Atención con ejecutivo (priotitario)"/>
<parent branch="528" id="158" name="Soy Cliente Movistar"/>
<child parentId="158" id="1159" name="Atención con ejecutivo"/>
<child parentId="158" id="1160" name="Reparación de tu equipo"/>
<child parentId="158" id="1161" name="Pagos"/>
<child parentId="158" id="1162" name="Recargas"/>
<child parentId="158" id="1163" name="Ventas"/>
<parent branch="528" id="159" name="Quiero ser Cliente Movistar"/>
<child parentId="159" id="1164" name="Cambiar tu número a Movistar"/>
<child parentId="159" id="1165" name="Ventas Prepago"/>
<child parentId="159" id="1166" name="Ventas Pospago"/>
<parent branch="528" id="160" name="Atención prioritaria"/>
<child parentId="160" id="1167" name="Atención con ejecutivo (priotitario)"/>
<parent branch="529" id="161" name="Soy Cliente Movistar"/>
<child parentId="161" id="1159" name="Atención con ejecutivo"/>
<child parentId="161" id="1160" name="Reparación de tu equipo"/>
<child parentId="161" id="1161" name="Pagos"/>
<child parentId="161" id="1162" name="Recargas"/>
<child parentId="161" id="1163" name="Ventas"/>
<parent branch="529" id="162" name="Quiero ser Cliente Movistar"/>
<child parentId="162" id="1164" name="Cambiar tu número a Movistar"/>
<child parentId="162" id="1165" name="Ventas Prepago"/>
<child parentId="162" id="1166" name="Ventas Pospago"/>
<parent branch="529" id="163" name="Atención prioritaria"/>
<child parentId="163" id="1167" name="Atención con ejecutivo (priotitario)"/>
<parent branch="530" id="164" name="Soy Cliente Movistar"/>
<child parentId="164" id="1159" name="Atención con ejecutivo"/>
<child parentId="164" id="1160" name="Reparación de tu equipo"/>
<child parentId="164" id="1161" name="Pagos"/>
<child parentId="164" id="1162" name="Recargas"/>
<child parentId="164" id="1163" name="Ventas"/>
<parent branch="530" id="165" name="Quiero ser Cliente Movistar"/>
<child parentId="165" id="1164" name="Cambiar tu número a Movistar"/>
<child parentId="165" id="1165" name="Ventas Prepago"/>
<child parentId="165" id="1166" name="Ventas Pospago"/>
<parent branch="530" id="166" name="Atención prioritaria"/>
<child parentId="166" id="1167" name="Atención con ejecutivo (priotitario)"/>
<parent branch="531" id="167" name="Soy Cliente Movistar"/>
<child parentId="167" id="1159" name="Atención con ejecutivo"/>
<child parentId="167" id="1160" name="Reparación de tu equipo"/>
<child parentId="167" id="1161" name="Pagos"/>
<child parentId="167" id="1162" name="Recargas"/>
<child parentId="167" id="1163" name="Ventas"/>
<parent branch="531" id="168" name="Quiero ser Cliente Movistar"/>
<child parentId="168" id="1164" name="Cambiar tu número a Movistar"/>
<child parentId="168" id="1165" name="Ventas Prepago"/>
<child parentId="168" id="1166" name="Ventas Pospago"/>
<parent branch="531" id="169" name="Atención prioritaria"/>
<child parentId="169" id="1167" name="Atención con ejecutivo (priotitario)"/>
<parent branch="532" id="170" name="Soy Cliente Movistar"/>
<child parentId="170" id="1159" name="Atención con ejecutivo"/>
<child parentId="170" id="1160" name="Reparación de tu equipo"/>
<child parentId="170" id="1161" name="Pagos"/>
<child parentId="170" id="1162" name="Recargas"/>
<child parentId="170" id="1163" name="Ventas"/>
<parent branch="532" id="171" name="Quiero ser Cliente Movistar"/>
<child parentId="171" id="1164" name="Cambiar tu número a Movistar"/>
<child parentId="171" id="1165" name="Ventas Prepago"/>
<child parentId="171" id="1166" name="Ventas Pospago"/>
<parent branch="532" id="172" name="Atención prioritaria"/>
<child parentId="172" id="1167" name="Atención con ejecutivo (priotitario)"/>
<parent branch="533" id="173" name="Soy Cliente Movistar"/>
<child parentId="173" id="1159" name="Atención con ejecutivo"/>
<child parentId="173" id="1160" name="Reparación de tu equipo"/>
<child parentId="173" id="1161" name="Pagos"/>
<child parentId="173" id="1162" name="Recargas"/>
<child parentId="173" id="1163" name="Ventas"/>
<parent branch="533" id="174" name="Quiero ser Cliente Movistar"/>
<child parentId="174" id="1164" name="Cambiar tu número a Movistar"/>
<child parentId="174" id="1165" name="Ventas Prepago"/>
<child parentId="174" id="1166" name="Ventas Pospago"/>
<parent branch="533" id="175" name="Atención prioritaria"/>
<child parentId="175" id="1167" name="Atención con ejecutivo (priotitario)"/>
<parent branch="534" id="176" name="Soy Cliente Movistar"/>
<child parentId="176" id="1159" name="Atención con ejecutivo"/>
<child parentId="176" id="1160" name="Reparación de tu equipo"/>
<child parentId="176" id="1161" name="Pagos"/>
<child parentId="176" id="1162" name="Recargas"/>
<child parentId="176" id="1163" name="Ventas"/>
<parent branch="534" id="177" name="Quiero ser Cliente Movistar"/>
<child parentId="177" id="1164" name="Cambiar tu número a Movistar"/>
<child parentId="177" id="1165" name="Ventas Prepago"/>
<child parentId="177" id="1166" name="Ventas Pospago"/>
<parent branch="534" id="178" name="Atención prioritaria"/>
<child parentId="178" id="1167" name="Atención con ejecutivo (priotitario)"/>
<parent branch="535" id="179" name="Soy Cliente Movistar"/>
<child parentId="179" id="1159" name="Atención con ejecutivo"/>
<child parentId="179" id="1160" name="Reparación de tu equipo"/>
<child parentId="179" id="1161" name="Pagos"/>
<child parentId="179" id="1162" name="Recargas"/>
<child parentId="179" id="1163" name="Ventas"/>
<parent branch="535" id="180" name="Quiero ser Cliente Movistar"/>
<child parentId="180" id="1164" name="Cambiar tu número a Movistar"/>
<child parentId="180" id="1165" name="Ventas Prepago"/>
<child parentId="180" id="1166" name="Ventas Pospago"/>
<parent branch="535" id="181" name="Atención prioritaria"/>
<child parentId="181" id="1167" name="Atención con ejecutivo (priotitario)"/>
<parent branch="536" id="182" name="Soy Cliente Movistar"/>
<child parentId="182" id="1159" name="Atención con ejecutivo"/>
<child parentId="182" id="1160" name="Reparación de tu equipo"/>
<child parentId="182" id="1161" name="Pagos"/>
<child parentId="182" id="1162" name="Recargas"/>
<child parentId="182" id="1163" name="Ventas"/>
<parent branch="536" id="183" name="Quiero ser Cliente Movistar"/>
<child parentId="183" id="1164" name="Cambiar tu número a Movistar"/>
<child parentId="183" id="1165" name="Ventas Prepago"/>
<child parentId="183" id="1166" name="Ventas Pospago"/>
<parent branch="536" id="184" name="Atención prioritaria"/>
<child parentId="184" id="1167" name="Atención con ejecutivo (priotitario)"/>
<parent branch="537" id="185" name="Soy Cliente Movistar"/>
<child parentId="185" id="1159" name="Atención con ejecutivo"/>
<child parentId="185" id="1160" name="Reparación de tu equipo"/>
<child parentId="185" id="1161" name="Pagos"/>
<child parentId="185" id="1162" name="Recargas"/>
<child parentId="185" id="1163" name="Ventas"/>
<parent branch="537" id="186" name="Quiero ser Cliente Movistar"/>
<child parentId="186" id="1164" name="Cambiar tu número a Movistar"/>
<child parentId="186" id="1165" name="Ventas Prepago"/>
<child parentId="186" id="1166" name="Ventas Pospago"/>
<parent branch="537" id="187" name="Atención prioritaria"/>
<child parentId="187" id="1167" name="Atención con ejecutivo (priotitario)"/>
<parent branch="563" id="218" name="Soy Cliente Movistar"/>
<child parentId="218" id="1159" name="Atención con ejecutivo"/>
<child parentId="218" id="1160" name="Reparación de tu equipo"/>
<child parentId="218" id="1161" name="Pagos"/>
<child parentId="218" id="1162" name="Recargas"/>
<child parentId="218" id="1163" name="Ventas"/>
<parent branch="563" id="219" name="Quiero ser Cliente Movistar"/>
<child parentId="219" id="1164" name="Cambiar tu número a Movistar"/>
<child parentId="219" id="1165" name="Ventas Prepago"/>
<child parentId="219" id="1166" name="Ventas Pospago"/>
<parent branch="563" id="220" name="Atención prioritaria"/>
<child parentId="220" id="1167" name="Atención con ejecutivo (priotitario)"/>
<parent branch="561" id="221" name="Atención Emergencia"/>
<child parentId="221" id="1454" name="Atención Emergencia"/>
<child parentId="221" id="1455" name="Atención Emergencia Preferencial"/>
<parent branch="561" id="222" name="Realizar Estudios"/>
<child parentId="222" id="1487" name="Radiología"/>
<child parentId="222" id="1488" name="Radiología Preferencial"/>
<child parentId="222" id="1469" name="Laboratorio"/>
<child parentId="222" id="1470" name="Laboratorio Preferencial"/>
<child parentId="222" id="1493" name="Ultrasonido"/>
<child parentId="222" id="1494" name="Ultrasonido Preferencial"/>
<parent branch="561" id="223" name="Consultas Grupo A"/>
<child parentId="223" id="1489" name="Traumatología 1"/>
<child parentId="223" id="1491" name="Traumatología Preferencial 1"/>
<child parentId="223" id="1490" name="Traumatología 2"/>
<child parentId="223" id="1492" name="Traumatología Preferencial 2"/>
<child parentId="223" id="1465" name="Gastroenterología"/>
<child parentId="223" id="1466" name="Gastroenterología Preferencial"/>
<child parentId="223" id="1457" name="Cardiología"/>
<child parentId="223" id="1458" name="Cardiología Preferencial"/>
<parent branch="561" id="224" name="Consultas Grupo B"/>
<child parentId="224" id="1471" name="Medicina Familiar 1"/>
<child parentId="224" id="1473" name="Medicina Familiar Preferencial 1"/>
<child parentId="224" id="1472" name="Medicina Familiar 2"/>
<child parentId="224" id="1474" name="Medicina Familiar Preferencial 2"/>
<child parentId="224" id="1459" name="Cirugía General"/>
<child parentId="224" id="1460" name="Cirugía General Preferencial"/>
<child parentId="224" id="1481" name="Otorrinólogo"/>
<child parentId="224" id="1482" name="Otorrinólogo Preferencial"/>
<parent branch="561" id="225" name="Consultas Grupo C"/>
<child parentId="225" id="1477" name="Medicina Ocupacional"/>
<child parentId="225" id="1478" name="Medicina Ocupacional Preferencial"/>
<child parentId="225" id="1467" name="Ginecología"/>
<child parentId="225" id="1468" name="Ginecología Preferencial"/>
<child parentId="225" id="1483" name="Pediatría"/>
<child parentId="225" id="1484" name="Pediatría Preferencial"/>
<child parentId="225" id="1475" name="Medicina Interna"/>
<child parentId="225" id="1476" name="Medicina Interna Preferencial"/>
<parent branch="561" id="226" name="Consultas Grupo D"/>
<child parentId="226" id="1495" name="Urología"/>
<child parentId="226" id="1496" name="Urología Preferencial"/>
<child parentId="226" id="1479" name="Nefrología"/>
<child parentId="226" id="1480" name="Nefrología Preferencial"/>
<child parentId="226" id="1559" name="Neumonología"/>
<child parentId="226" id="1561" name="Neumonología Preferencial"/>
<child parentId="226" id="1560" name="Endocrinología"/>
<child parentId="226" id="1562" name="Endocrinología Preferencial"/>
<parent branch="561" id="227" name="Solicitar Consulta"/>
<child parentId="227" id="1461" name="Comercialización"/>
<child parentId="227" id="1462" name="Comercialización Preferencial"/>
<child parentId="227" id="1485" name="Prima Riesgo"/>
<child parentId="227" id="1486" name="Prima Riesgo Preferencial"/>
<child parentId="227" id="1497" name="Consultas"/>
<child parentId="227" id="1540" name="Consultas Particular"/>
<parent branch="562" id="228" name="Solicitar Consultas"/>
<child parentId="228" id="1497" name="Consultas"/>
<child parentId="228" id="1540" name="Consultas Particular"/>
<child parentId="228" id="1462" name="Comercialización Preferencial"/>
<parent branch="562" id="229" name="Atención Emergencia"/>
<child parentId="229" id="1454" name="Atención Emergencia"/>
<child parentId="229" id="1455" name="Atención Emergencia Preferencial"/>
<parent branch="562" id="230" name="Realizar Estudios"/>
<child parentId="230" id="1487" name="Radiología"/>
<child parentId="230" id="1488" name="Radiología Preferencial"/>
<child parentId="230" id="1469" name="Laboratorio"/>
<child parentId="230" id="1470" name="Laboratorio Preferencial"/>
<parent branch="562" id="231" name="Consultas"/>
<child parentId="231" id="1467" name="Ginecología"/>
<child parentId="231" id="1468" name="Ginecología Preferencial"/>
<child parentId="231" id="1483" name="Pediatría"/>
<child parentId="231" id="1484" name="Pediatría Preferencial"/>
<child parentId="231" id="1498" name="Traumatología"/>
<child parentId="231" id="1499" name="Traumatología Preferencial"/>
<child parentId="231" id="1475" name="Medicina Interna"/>
<child parentId="231" id="1476" name="Medicina Interna Preferencial"/>
<child parentId="231" id="1477" name="Medicina Ocupacional"/>
<child parentId="231" id="1478" name="Medicina Ocupacional Preferencial"/>
<parent branch="565" id="232" name="Soy Cliente Movistar"/>
<child parentId="232" id="1159" name="Atención con ejecutivo"/>
<child parentId="232" id="1160" name="Reparación de tu equipo"/>
<child parentId="232" id="1161" name="Pagos"/>
<child parentId="232" id="1162" name="Recargas"/>
<child parentId="232" id="1163" name="Ventas"/>
<parent branch="565" id="233" name="Quiero ser Cliente Movistar"/>
<child parentId="233" id="1164" name="Cambiar tu número a Movistar"/>
<child parentId="233" id="1165" name="Ventas Prepago"/>
<child parentId="233" id="1166" name="Ventas Pospago"/>
<parent branch="565" id="234" name="Atención prioritaria"/>
<child parentId="234" id="1167" name="Atención con ejecutivo (priotitario)"/>
<parent branch="566" id="235" name="Soy Cliente Movistar"/>
<child parentId="235" id="1159" name="Atención con ejecutivo"/>
<child parentId="235" id="1160" name="Reparación de tu equipo"/>
<child parentId="235" id="1161" name="Pagos"/>
<child parentId="235" id="1162" name="Recargas"/>
<child parentId="235" id="1163" name="Ventas"/>
<parent branch="566" id="236" name="Quiero ser Cliente Movistar"/>
<child parentId="236" id="1164" name="Cambiar tu número a Movistar"/>
<child parentId="236" id="1165" name="Ventas Prepago"/>
<child parentId="236" id="1166" name="Ventas Pospago"/>
<parent branch="566" id="237" name="Atención prioritaria"/>
<child parentId="237" id="1167" name="Atención con ejecutivo (priotitario)"/>
<parent branch="567" id="238" name="Soy Cliente Movistar"/>
<child parentId="238" id="1159" name="Atención con ejecutivo"/>
<child parentId="238" id="1160" name="Reparación de tu equipo"/>
<child parentId="238" id="1161" name="Pagos"/>
<child parentId="238" id="1162" name="Recargas"/>
<child parentId="238" id="1163" name="Ventas"/>
<parent branch="567" id="239" name="Quiero ser Cliente Movistar"/>
<child parentId="239" id="1164" name="Cambiar tu número a Movistar"/>
<child parentId="239" id="1165" name="Ventas Prepago"/>
<child parentId="239" id="1166" name="Ventas Pospago"/>
<parent branch="567" id="240" name="Atención prioritaria"/>
<child parentId="240" id="1167" name="Atención con ejecutivo (priotitario)"/>
<parent branch="568" id="241" name="Soy Cliente Movistar"/>
<child parentId="241" id="1159" name="Atención con ejecutivo"/>
<child parentId="241" id="1160" name="Reparación de tu equipo"/>
<child parentId="241" id="1161" name="Pagos"/>
<child parentId="241" id="1162" name="Recargas"/>
<child parentId="241" id="1163" name="Ventas"/>
<parent branch="568" id="242" name="Quiero ser Cliente Movistar"/>
<child parentId="242" id="1164" name="Cambiar tu número a Movistar"/>
<child parentId="242" id="1165" name="Ventas Prepago"/>
<child parentId="242" id="1166" name="Ventas Pospago"/>
<parent branch="568" id="243" name="Atención prioritaria"/>
<child parentId="243" id="1167" name="Atención con ejecutivo (priotitario)"/>
<parent branch="569" id="244" name="Soy Cliente Movistar"/>
<child parentId="244" id="1159" name="Atención con ejecutivo"/>
<child parentId="244" id="1160" name="Reparación de tu equipo"/>
<child parentId="244" id="1161" name="Pagos"/>
<child parentId="244" id="1162" name="Recargas"/>
<child parentId="244" id="1163" name="Ventas"/>
<parent branch="569" id="245" name="Quiero ser Cliente Movistar"/>
<child parentId="245" id="1164" name="Cambiar tu número a Movistar"/>
<child parentId="245" id="1165" name="Ventas Prepago"/>
<child parentId="245" id="1166" name="Ventas Pospago"/>
<parent branch="569" id="246" name="Atención prioritaria"/>
<child parentId="246" id="1167" name="Atención con ejecutivo (priotitario)"/>
<parent branch="570" id="247" name="Soy Cliente Movistar"/>
<child parentId="247" id="1159" name="Atención con ejecutivo"/>
<child parentId="247" id="1160" name="Reparación de tu equipo"/>
<child parentId="247" id="1161" name="Pagos"/>
<child parentId="247" id="1162" name="Recargas"/>
<child parentId="247" id="1163" name="Ventas"/>
<parent branch="570" id="248" name="Quiero ser Cliente Movistar"/>
<child parentId="248" id="1164" name="Cambiar tu número a Movistar"/>
<child parentId="248" id="1165" name="Ventas Prepago"/>
<child parentId="248" id="1166" name="Ventas Pospago"/>
<parent branch="570" id="249" name="Atención prioritaria"/>
<child parentId="249" id="1167" name="Atención con ejecutivo (priotitario)"/>
<parent branch="571" id="250" name="Soy Cliente Movistar"/>
<child parentId="250" id="1159" name="Atención con ejecutivo"/>
<child parentId="250" id="1160" name="Reparación de tu equipo"/>
<child parentId="250" id="1161" name="Pagos"/>
<child parentId="250" id="1162" name="Recargas"/>
<child parentId="250" id="1163" name="Ventas"/>
<parent branch="571" id="251" name="Quiero ser Cliente Movistar"/>
<child parentId="251" id="1164" name="Cambiar tu número a Movistar"/>
<child parentId="251" id="1165" name="Ventas Prepago"/>
<child parentId="251" id="1166" name="Ventas Pospago"/>
<parent branch="571" id="252" name="Atención prioritaria"/>
<child parentId="252" id="1167" name="Atención con ejecutivo (priotitario)"/>
<parent branch="572" id="253" name="Soy Cliente Movistar"/>
<child parentId="253" id="1159" name="Atención con ejecutivo"/>
<child parentId="253" id="1160" name="Reparación de tu equipo"/>
<child parentId="253" id="1161" name="Pagos"/>
<child parentId="253" id="1162" name="Recargas"/>
<child parentId="253" id="1163" name="Ventas"/>
<parent branch="572" id="254" name="Quiero ser Cliente Movistar"/>
<child parentId="254" id="1164" name="Cambiar tu número a Movistar"/>
<child parentId="254" id="1165" name="Ventas Prepago"/>
<child parentId="254" id="1166" name="Ventas Pospago"/>
<parent branch="572" id="255" name="Atención prioritaria"/>
<child parentId="255" id="1167" name="Atención con ejecutivo (priotitario)"/>
<parent branch="573" id="256" name="Soy Cliente Movistar"/>
<child parentId="256" id="1159" name="Atención con ejecutivo"/>
<child parentId="256" id="1160" name="Reparación de tu equipo"/>
<child parentId="256" id="1161" name="Pagos"/>
<child parentId="256" id="1162" name="Recargas"/>
<child parentId="256" id="1163" name="Ventas"/>
<parent branch="573" id="257" name="Quiero ser Cliente Movistar"/>
<child parentId="257" id="1164" name="Cambiar tu número a Movistar"/>
<child parentId="257" id="1165" name="Ventas Prepago"/>
<child parentId="257" id="1166" name="Ventas Pospago"/>
<parent branch="573" id="258" name="Atención prioritaria"/>
<child parentId="258" id="1167" name="Atención con ejecutivo (priotitario)"/>
<parent branch="574" id="259" name="Soy Cliente Movistar"/>
<child parentId="259" id="1159" name="Atención con ejecutivo"/>
<child parentId="259" id="1160" name="Reparación de tu equipo"/>
<child parentId="259" id="1161" name="Pagos"/>
<child parentId="259" id="1162" name="Recargas"/>
<child parentId="259" id="1163" name="Ventas"/>
<parent branch="574" id="260" name="Quiero ser Cliente Movistar"/>
<child parentId="260" id="1164" name="Cambiar tu número a Movistar"/>
<child parentId="260" id="1165" name="Ventas Prepago"/>
<child parentId="260" id="1166" name="Ventas Pospago"/>
<parent branch="574" id="261" name="Atención prioritaria"/>
<child parentId="261" id="1167" name="Atención con ejecutivo (priotitario)"/>
<parent branch="547" id="265" name="REMESAS"/>
<child parentId="265" id="1436" name="RETIRO/ENVIO MENOR A US$999"/>
<child parentId="265" id="1439" name="RETIRO/ENVIO MAYOR A U$$1,000"/>
<child parentId="265" id="1442" name="RETIRO/ENVIO MENOR A U$$2,999"/>
<child parentId="265" id="1445" name="RETIRO/ENVIO MAYOR A U$$3,000"/>
<parent branch="547" id="266" name="MESA DE CAMBIO"/>
<child parentId="266" id="1438" name="MESA DE CAMBIO"/>
<parent branch="547" id="267" name="PAGALO TODO"/>
<child parentId="267" id="1441" name="PAGALO TODO (luz,Teléfono,agua y otros)"/>
<parent branch="547" id="268" name="PAGO OTROS PRODUCTOS"/>
<child parentId="268" id="1444" name="PAGO OTROS PRODUCTOS (lÍnea blanca, Mapfre,Telefonos)"/>
<parent branch="547" id="269" name="ENVIO DHL"/>
<child parentId="269" id="1448" name="ENVIO DHL"/>
<parent branch="547" id="270" name="CASH PAK"/>
<child parentId="270" id="1447" name="CASH PAK"/>
<parent branch="547" id="271" name="TERCERA EDAD y PERSONA CON DISCAPACIDAD"/>
<child parentId="271" id="1539" name="TERCERA EDAD y PERSONA CON DISCAPACIDAD"/>
<parent branch="384" id="272" name="ATENCION AL USUARIO"/>
<child parentId="272" id="840" name="Operaciones en Taquilla"/>
<child parentId="272" id="843" name="Representante de Servicios"/>
<child parentId="272" id="1557" name="Negocios"/>
<parent branch="384" id="273" name="ATENCION PRIORITARIA"/>
<child parentId="273" id="842" name="Operaciones en Taquilla Prioritaria"/>
<child parentId="273" id="844" name="Representante de Servicio Prioritaria"/>
<child parentId="273" id="1558" name="Negocios Prioritaria"/>
<parent branch="608" id="274" name="Soy Cliente Movistar"/>
<child parentId="274" id="1159" name="Atención con ejecutivo"/>
<child parentId="274" id="1160" name="Reparación de tu equipo"/>
<child parentId="274" id="1161" name="Pagos"/>
<child parentId="274" id="1162" name="Recargas"/>
<child parentId="274" id="1163" name="Ventas"/>
<parent branch="608" id="275" name="Quiero ser Cliente Movistar"/>
<child parentId="275" id="1164" name="Cambiar tu número a Movistar"/>
<child parentId="275" id="1165" name="Ventas Prepago"/>
<child parentId="275" id="1166" name="Ventas Pospago"/>
<parent branch="608" id="276" name="Atención prioritaria"/>
<child parentId="276" id="1167" name="Atención con ejecutivo (priotitario)"/>
<parent branch="609" id="277" name="Soy Cliente Movistar"/>
<child parentId="277" id="1159" name="Atención con ejecutivo"/>
<child parentId="277" id="1160" name="Reparación de tu equipo"/>
<child parentId="277" id="1161" name="Pagos"/>
<child parentId="277" id="1162" name="Recargas"/>
<child parentId="277" id="1163" name="Ventas"/>
<parent branch="609" id="278" name="Quiero ser Cliente Movistar"/>
<child parentId="278" id="1164" name="Cambiar tu número a Movistar"/>
<child parentId="278" id="1165" name="Ventas Prepago"/>
<child parentId="278" id="1166" name="Ventas Pospago"/>
<parent branch="609" id="279" name="Atención prioritaria"/>
<child parentId="279" id="1167" name="Atención con ejecutivo (priotitario)"/>
<parent branch="611" id="280" name="Soy Cliente Movistar"/>
<child parentId="280" id="1159" name="Atención con ejecutivo"/>
<child parentId="280" id="1160" name="Reparación de tu equipo"/>
<child parentId="280" id="1161" name="Pagos"/>
<child parentId="280" id="1162" name="Recargas"/>
<child parentId="280" id="1163" name="Ventas"/>
<parent branch="611" id="281" name="Quiero ser Cliente Movistar"/>
<child parentId="281" id="1164" name="Cambiar tu número a Movistar"/>
<child parentId="281" id="1165" name="Ventas Prepago"/>
<child parentId="281" id="1166" name="Ventas Pospago"/>
<parent branch="611" id="282" name="Atención prioritaria"/>
<child parentId="282" id="1167" name="Atención con ejecutivo (priotitario)"/>
<parent branch="619" id="285" name="Soy Cliente Movistar"/>
<child parentId="285" id="1159" name="Atención con ejecutivo"/>
<child parentId="285" id="1160" name="Reparación de tu equipo"/>
<child parentId="285" id="1161" name="Pagos"/>
<child parentId="285" id="1162" name="Recargas"/>
<child parentId="285" id="1163" name="Ventas"/>
<parent branch="619" id="286" name="Quiero ser Cliente Movistar"/>
<child parentId="286" id="1164" name="Cambiar tu número a Movistar"/>
<child parentId="286" id="1165" name="Ventas Prepago"/>
<child parentId="286" id="1166" name="Ventas Pospago"/>
<parent branch="619" id="287" name="Atención prioritaria"/>
<child parentId="287" id="1167" name="Atención con ejecutivo (priotitario)"/>
<parent branch="607" id="288" name="SERVICIO AL USUARIO"/>
<child parentId="288" id="1555" name="Orden de Servicio"/>
<child parentId="288" id="1556" name="Servicio al Usuario"/>
<child parentId="288" id="1607" name="Canje de Vale"/>
<child parentId="288" id="1608" name="Pago Sanitas"/>
<child parentId="288" id="1609" name="Pago Plan Sanitas"/>
<parent branch="607" id="289" name="SERVICIO AL USUARIO PREFERENCIAL"/>
<child parentId="289" id="1610" name="Orden de Servicio Preferencial"/>
<child parentId="289" id="1611" name="Servicio al Usuario Preferencial"/>
<child parentId="289" id="1612" name="Canje de Vale Preferencial"/>
<child parentId="289" id="1613" name="Pago Sanitas Preferencial"/>
<child parentId="289" id="1614" name="Pago Plan Sanitas Preferencial"/>
<parent branch="633" id="294" name="PARTICULAR"/>
<child parentId="294" id="1787" name="Exámenes de Laboratorio"/>
<child parentId="294" id="1788" name="Entrega de Resultados"/>
<child parentId="294" id="1789" name="Información y Presupuesto"/>
<parent branch="633" id="295" name="PREFERENCIAL PARTICULAR"/>
<child parentId="295" id="1790" name="Exámenes de Laboratorio"/>
<child parentId="295" id="1791" name="Entrega de Resultados"/>
<child parentId="295" id="1792" name="Información y Presupuesto"/>
<parent branch="633" id="296" name="ASEGURADO"/>
<child parentId="296" id="1793" name="Exámenes de Laboratorio"/>
<child parentId="296" id="1794" name="Entrega de Resultados"/>
<child parentId="296" id="1795" name="Información y Presupuesto"/>
<parent branch="633" id="297" name="PREFERENCIAL ASEGURADO"/>
<child parentId="297" id="1796" name="Exámenes de Laboratorio"/>
<child parentId="297" id="1797" name="Entrega de Resultados"/>
<child parentId="297" id="1798" name="Información y Presupuesto"/>
<parent branch="632" id="298" name="PARTICULAR"/>
<child parentId="298" id="1692" name="Medicina Interna"/>
<child parentId="298" id="1693" name="Cardiología"/>
<child parentId="298" id="1695" name="Traumatología"/>
<child parentId="298" id="1697" name="Ginecología y Obstetricia"/>
<child parentId="298" id="1704" name="Endocrinología"/>
<child parentId="298" id="1705" name="Otras Especialidades"/>
<parent branch="632" id="299" name="PREFERENCIAL PARTICULAR"/>
<child parentId="299" id="1706" name="Medicina Interna"/>
<child parentId="299" id="1707" name="Cardiología"/>
<child parentId="299" id="1709" name="Traumatología"/>
<child parentId="299" id="1711" name="Ginecología y Obstetricia"/>
<child parentId="299" id="1718" name="Endocrinología"/>
<child parentId="299" id="1719" name="Otras Especialidades"/>
<parent branch="632" id="300" name="ASEGURADO"/>
<child parentId="300" id="1784" name="Solicitud de Consulta"/>
<child parentId="300" id="1785" name="Consultas APS Aprobado por Seguro"/>
<child parentId="300" id="1748" name="Solicitud Estudio Imágenes"/>
<child parentId="300" id="1749" name="Solicitud Estudio Laboratorio"/>
<child parentId="300" id="1750" name="Información y/o Presupuesto"/>
<parent branch="632" id="301" name="PREFERENCIAL ASEGURADO"/>
<child parentId="301" id="1780" name="Solicitud de Consulta"/>
<child parentId="301" id="1781" name="Consultas APS Aprobado por Seguro"/>
<child parentId="301" id="1779" name="Solicitud Estudio Imágenes"/>
<child parentId="301" id="1782" name="Solicitud Estudio Laboratorio"/>
<child parentId="301" id="1783" name="Información y/o Presupuesto"/>
<parent branch="634" id="308" name="PARTICULAR"/>
<child parentId="308" id="1799" name="Resonancia / Tomografía"/>
<child parentId="308" id="1800" name="Rayos X / Densitometría"/>
<child parentId="308" id="1804" name="Ecografía / Mamografía"/>
<child parentId="308" id="1805" name="Otros Estudios"/>
<child parentId="308" id="1806" name="Información y Presupuesto"/>
<child parentId="308" id="1807" name="Entrega de Resultados"/>
<parent branch="634" id="309" name="PREFERENCIAL PARTICULAR"/>
<child parentId="309" id="1808" name="Resonancia / Tomografía"/>
<child parentId="309" id="1809" name="Rayos X / Densitometría"/>
<child parentId="309" id="1813" name="Ecografía / Mamografía"/>
<child parentId="309" id="1814" name="Otros Estudios"/>
<child parentId="309" id="1815" name="Información y Presupuesto"/>
<child parentId="309" id="1816" name="Entrega de Resultados"/>
<parent branch="634" id="310" name="ASEGURADO"/>
<child parentId="310" id="1817" name="Resonancia / Tomografía"/>
<child parentId="310" id="1818" name="Rayos X / Densitometría"/>
<child parentId="310" id="1822" name="Ecografía / Mamografía"/>
<child parentId="310" id="1823" name="Otros Estudios"/>
<child parentId="310" id="1824" name="Información y Presupuesto"/>
<child parentId="310" id="1825" name="Entrega de Resultados"/>
<parent branch="634" id="311" name="PREFERENCIAL ASEGURADO"/>
<child parentId="311" id="1826" name="Resonancia / Tomografía"/>
<child parentId="311" id="1827" name="Rayos X / Densitometría"/>
<child parentId="311" id="1831" name="Ecografía / Mamografía"/>
<child parentId="311" id="1832" name="Otros Estudios"/>
<child parentId="311" id="1833" name="Información y Presupuesto"/>
<child parentId="311" id="1834" name="Entrega de Resultados"/>
<parent branch="606" id="312" name="Atención Preferencial"/>
<child parentId="312" id="2029" name="Counter de Servicios Preferencial"/>
<child parentId="312" id="2030" name="Plataforma de Atencion Preferencial"/>
<child parentId="312" id="2031" name="Servicio Tecnico Preferencial"/>
<parent branch="650" id="313" name="SERVICIO AL USUARIO"/>
<child parentId="313" id="1555" name="Orden de Servicio"/>
<child parentId="313" id="1556" name="Servicio al Usuario"/>
<child parentId="313" id="1607" name="Canje de Vale"/>
<parent branch="650" id="314" name="SERVICIO AL USUARIO PREFERENCIAL"/>
<child parentId="314" id="1610" name="Orden de Servicio Preferencial"/>
<child parentId="314" id="1611" name="Servicio al Usuario Preferencial"/>
<child parentId="314" id="1612" name="Canje de Vale Preferencial"/>
<parent branch="605" id="315" name="Soy Cliente"/>
<child parentId="315" id="1544" name="Móvil: Quiero un nuevo producto Movistar"/>
<child parentId="315" id="2253" name="Fijo: Quiero un nuevo producto Movistar"/>
<child parentId="315" id="2248" name="Móvil: Otras solicitudes"/>
<child parentId="315" id="2254" name="Fijo: Otras solicitudes"/>
<child parentId="315" id="2249" name="Quiero cambiar mi equipo"/>
<child parentId="315" id="2250" name="Quiero cambiar mi SIM Card"/>
<parent branch="715" id="316" name="REMESAS"/>
<child parentId="316" id="1436" name="RETIRO/ENVIO MENOR A US$999"/>
<child parentId="316" id="1439" name="RETIRO/ENVIO MAYOR A U$$1,000"/>
<child parentId="316" id="1442" name="RETIRO/ENVIO MENOR A U$$2,999"/>
<child parentId="316" id="1445" name="RETIRO/ENVIO MAYOR A U$$3,000"/>
<parent branch="715" id="317" name="MESA DE CAMBIO"/>
<child parentId="317" id="1438" name="MESA DE CAMBIO"/>
<parent branch="715" id="318" name="PAGALO TODO"/>
<child parentId="318" id="1441" name="PAGALO TODO (luz,Teléfono,agua y otros)"/>
<parent branch="715" id="319" name="PAGO OTROS PRODUCTOS"/>
<child parentId="319" id="1444" name="PAGO OTROS PRODUCTOS (lÍnea blanca, Mapfre,Telefonos)"/>
<parent branch="715" id="320" name="ENVIO DHL"/>
<child parentId="320" id="1448" name="ENVIO DHL"/>
<parent branch="715" id="321" name="CASH PAK"/>
<child parentId="321" id="1447" name="CASH PAK"/>
<parent branch="715" id="322" name="TERCERA EDAD y PERSONA CON DISCAPACIDAD"/>
<child parentId="322" id="1539" name="TERCERA EDAD y PERSONA CON DISCAPACIDAD"/>
<parent branch="716" id="323" name="REMESAS"/>
<child parentId="323" id="1436" name="RETIRO/ENVIO MENOR A US$999"/>
<child parentId="323" id="1439" name="RETIRO/ENVIO MAYOR A U$$1,000"/>
<child parentId="323" id="1442" name="RETIRO/ENVIO MENOR A U$$2,999"/>
<child parentId="323" id="1445" name="RETIRO/ENVIO MAYOR A U$$3,000"/>
<parent branch="716" id="324" name="MESA DE CAMBIO"/>
<child parentId="324" id="1438" name="MESA DE CAMBIO"/>
<parent branch="716" id="325" name="PAGALO TODO"/>
<child parentId="325" id="1441" name="PAGALO TODO (luz,Teléfono,agua y otros)"/>
<parent branch="716" id="326" name="PAGO OTROS PRODUCTOS"/>
<child parentId="326" id="1444" name="PAGO OTROS PRODUCTOS (lÍnea blanca, Mapfre,Telefonos)"/>
<parent branch="716" id="327" name="ENVIO DHL"/>
<child parentId="327" id="1448" name="ENVIO DHL"/>
<parent branch="716" id="328" name="CASH PAK"/>
<child parentId="328" id="1447" name="CASH PAK"/>
<parent branch="716" id="329" name="TERCERA EDAD y PERSONA CON DISCAPACIDAD"/>
<child parentId="329" id="1539" name="TERCERA EDAD y PERSONA CON DISCAPACIDAD"/>
<parent branch="717" id="330" name="REMESAS"/>
<child parentId="330" id="1436" name="RETIRO/ENVIO MENOR A US$999"/>
<child parentId="330" id="1439" name="RETIRO/ENVIO MAYOR A U$$1,000"/>
<child parentId="330" id="1442" name="RETIRO/ENVIO MENOR A U$$2,999"/>
<child parentId="330" id="1445" name="RETIRO/ENVIO MAYOR A U$$3,000"/>
<parent branch="717" id="331" name="MESA DE CAMBIO"/>
<child parentId="331" id="1438" name="MESA DE CAMBIO"/>
<parent branch="717" id="332" name="PAGALO TODO"/>
<child parentId="332" id="1441" name="PAGALO TODO (luz,Teléfono,agua y otros)"/>
<parent branch="717" id="333" name="PAGO OTROS PRODUCTOS"/>
<child parentId="333" id="1444" name="PAGO OTROS PRODUCTOS (lÍnea blanca, Mapfre,Telefonos)"/>
<parent branch="717" id="334" name="ENVIO DHL"/>
<child parentId="334" id="1448" name="ENVIO DHL"/>
<parent branch="717" id="335" name="CASH PAK"/>
<child parentId="335" id="1447" name="CASH PAK"/>
<parent branch="717" id="336" name="TERCERA EDAD y PERSONA CON DISCAPACIDAD"/>
<child parentId="336" id="1539" name="TERCERA EDAD y PERSONA CON DISCAPACIDAD"/>
<parent branch="718" id="337" name="REMESAS"/>
<child parentId="337" id="1436" name="RETIRO/ENVIO MENOR A US$999"/>
<child parentId="337" id="1439" name="RETIRO/ENVIO MAYOR A U$$1,000"/>
<child parentId="337" id="1442" name="RETIRO/ENVIO MENOR A U$$2,999"/>
<child parentId="337" id="1445" name="RETIRO/ENVIO MAYOR A U$$3,000"/>
<parent branch="718" id="338" name="MESA DE CAMBIO"/>
<child parentId="338" id="1438" name="MESA DE CAMBIO"/>
<parent branch="718" id="339" name="PAGALO TODO"/>
<child parentId="339" id="1441" name="PAGALO TODO (luz,Teléfono,agua y otros)"/>
<parent branch="718" id="340" name="PAGO OTROS PRODUCTOS"/>
<child parentId="340" id="1444" name="PAGO OTROS PRODUCTOS (lÍnea blanca, Mapfre,Telefonos)"/>
<parent branch="718" id="341" name="ENVIO DHL"/>
<child parentId="341" id="1448" name="ENVIO DHL"/>
<parent branch="718" id="342" name="CASH PAK"/>
<child parentId="342" id="1447" name="CASH PAK"/>
<parent branch="718" id="343" name="TERCERA EDAD y PERSONA CON DISCAPACIDAD"/>
<child parentId="343" id="1539" name="TERCERA EDAD y PERSONA CON DISCAPACIDAD"/>
<parent branch="721" id="344" name="PARTICULAR"/>
<child parentId="344" id="2367" name="ATENCION AL PACIENTE"/>
<child parentId="344" id="2366" name="TOMA DE MUESTRA"/>
<child parentId="344" id="2368" name="CONVENIO"/>
<parent branch="721" id="345" name="ATENCION PREFERENCIAL"/>
<child parentId="345" id="2370" name="ATENCION AL PACIENTE"/>
<child parentId="345" id="2369" name="TOMA DE MUESTRA"/>
<child parentId="345" id="2371" name="CONVENIO"/>
<parent branch="723" id="346" name="INGRESOS"/>
<child parentId="346" id="2378" name="ENTREGA DE INVENTARIOS DE INGRESOS"/>
<child parentId="346" id="2379" name="INFORMACIÓN"/>
<parent branch="723" id="347" name="SALIDAS"/>
<child parentId="347" id="2380" name="LIQUIDACIÓN"/>
<child parentId="347" id="2381" name="GESTION DE SALIDA"/>
<child parentId="347" id="2383" name="INFORMACIÓN"/>
<child parentId="347" id="2410" name="RETIRO"/>
<parent branch="723" id="348" name="CONVENIOS"/>
<child parentId="348" id="2384" name="INFORMACIÓN"/>
<child parentId="348" id="2385" name="SOLICITUD CONVENIOS"/>
<child parentId="348" id="2386" name="CONFIRMACIÓN PAGO ENTRADA"/>
<parent branch="723" id="349" name="IMPUGNACIONES"/>
<child parentId="349" id="2388" name="PRESENTACIÓN IMPUGNACION"/>
<child parentId="349" id="2389" name="VERSIÓN DE IMPUGNACIONES"/>
<child parentId="349" id="2414" name="ESTADO DE IMPUGNACIONES"/>
<child parentId="349" id="2415" name="DESISTIMIENTO"/>
<parent branch="723" id="350" name="INFORMACIÓN"/>
<child parentId="350" id="2393" name="INGRESOS DE VEHÍCULOS"/>
<child parentId="350" id="2394" name="INVENTARIOS"/>
<child parentId="350" id="2395" name="REQUISITOS DE SALIDAS"/>
<child parentId="350" id="2156" name="CONVENIOS"/>
<child parentId="350" id="2387" name="REQUISITOS DE IMPUGNACIÓN"/>
<child parentId="350" id="2400" name="CONSULTAS DE DEUDA"/>
<child parentId="350" id="2401" name="PERITOS"/>
<parent branch="733" id="351" name="INGRESOS"/>
<child parentId="351" id="2429" name="ENTREGA DE INVENTARIOS DE INGRESOS"/>
<child parentId="351" id="2430" name="INFORMACIÓN"/>
<parent branch="733" id="352" name="SALIDAS"/>
<child parentId="352" id="2431" name="LIQUIDACIÓN"/>
<child parentId="352" id="2432" name="GESTION DE SALIDA"/>
<child parentId="352" id="2433" name="INFORMACIÓN"/>
<child parentId="352" id="2444" name="RETIRO"/>
<parent branch="733" id="353" name="CONVENIOS"/>
<child parentId="353" id="2434" name="INFORMACIÓN"/>
<child parentId="353" id="2435" name="SOLICITUD CONVENIOS"/>
<child parentId="353" id="2436" name="CONFIRMACIÓN PAGO ENTRADA"/>
<parent branch="733" id="354" name="IMPUGNACIONES"/>
<child parentId="354" id="2437" name="PRESENTACIÓN IMPUGNACION"/>
<child parentId="354" id="2438" name="VERSIÓN DE IMPUGNACIONES"/>
<child parentId="354" id="2445" name="ESTADO DE IMPUGNACIONES"/>
<child parentId="354" id="2446" name="DESISTIMIENTO"/>
<parent branch="733" id="355" name="INFORMACIÓN"/>
<child parentId="355" id="2439" name="INGRESOS DE VEHÍCULOS"/>
<child parentId="355" id="2440" name="INVENTARIOS"/>
<child parentId="355" id="2441" name="REQUISITOS DE SALIDAS"/>
<child parentId="355" id="2434" name="CONVENIOS"/>
<child parentId="355" id="2428" name="REQUISITOS DE IMPUGNACIÓN"/>
<child parentId="355" id="2442" name="CONSULTAS DE DEUDA"/>
<parent branch="733" id="356" name="TALLER Y PERITOS"/>
<child parentId="356" id="2443" name="PERITOS"/>
<child parentId="356" id="2447" name="TALLER"/>
<parent branch="720" id="357" name="Met 99"/>
<child parentId="357" id="2347" name="Dividendos"/>
<child parentId="357" id="2348" name="Servicios en póliza"/>
<child parentId="357" id="2349" name="Aclaraciones"/>
<parent branch="752" id="358" name="Conductor"/>
<child parentId="358" id="2598" name="Registro"/>
<child parentId="358" id="2599" name="Bloqueo - Servicios Inusuales"/>
<child parentId="358" id="2600" name="Bloqueos - Otros"/>
<child parentId="358" id="2601" name="Pagos"/>
<child parentId="358" id="2602" name="Incentivos"/>
<child parentId="358" id="2604" name="Incidente - Robo o accidente"/>
<child parentId="358" id="2603" name="Incidente - Otro"/>
<child parentId="358" id="2605" name="Objetos olvidados"/>
<child parentId="358" id="2606" name="Actualización de datos"/>
<child parentId="358" id="2607" name="Inconvenientes técnicos"/>
<child parentId="358" id="2608" name="Información general"/>
<parent branch="752" id="359" name="Pasajero"/>
<child parentId="359" id="2609" name="Objetos olvidados"/>
<child parentId="359" id="2610" name="Incidente con un viaje"/>
<child parentId="359" id="2611" name="No funciona el app"/>
<child parentId="359" id="2612" name="Pagos y cobros"/>
<child parentId="359" id="2613" name="Información general"/>
<parent branch="752" id="360" name="Mayor a 62 años o incapacidad"/>
<child parentId="360" id="2614" name="Conductor"/>
<child parentId="360" id="2615" name="Pasajero"/>
<parent branch="759" id="361" name="Soy Cliente Movistar"/>
<child parentId="361" id="1159" name="Atención con ejecutivo"/>
<child parentId="361" id="1160" name="Reparación de tu equipo"/>
<child parentId="361" id="1161" name="Pagos"/>
<child parentId="361" id="1162" name="Recargas"/>
<child parentId="361" id="1163" name="Ventas"/>
<parent branch="759" id="362" name="Quiero ser Cliente Movistar"/>
<child parentId="362" id="1164" name="Cambiar tu número a Movistar"/>
<child parentId="362" id="1165" name="Ventas Prepago"/>
<child parentId="362" id="1166" name="Ventas Pospago"/>
<parent branch="759" id="363" name="Atención prioritaria"/>
<child parentId="363" id="1167" name="Atención con ejecutivo (priotitario)"/>
<parent branch="760" id="364" name="Nuevo Registro"/>
<child parentId="364" id="2617" name="No he comenzado el registro"/>
<child parentId="364" id="2618" name="Ya subí los documentos"/>
<child parentId="364" id="2619" name="Ya tengo una cuenta pero no la he utilizado"/>
<parent branch="760" id="365" name="Actualización de Datos"/>
<child parentId="365" id="2620" name="Cuenta Bancaria"/>
<child parentId="365" id="2621" name="Numero de teléfono"/>
<child parentId="365" id="2622" name="Permiso de circulación"/>
<child parentId="365" id="2624" name="Otros"/>
<parent branch="760" id="366" name="Pagos"/>
<child parentId="366" id="2625" name="Semanales"/>
<child parentId="366" id="2626" name="Incentivos"/>
<child parentId="366" id="2627" name="Pago de comisiones a Beat"/>
<child parentId="366" id="2628" name="Pago de un pasajero"/>
<child parentId="366" id="2629" name="Otros"/>
<parent branch="760" id="367" name="Cuenta bloqueada"/>
<child parentId="367" id="2630" name="Bloqueo preventivo"/>
<child parentId="367" id="2631" name="Servicios inusuales"/>
<child parentId="367" id="2632" name="Validación de datos"/>
<child parentId="367" id="2633" name="Otros"/>
<parent branch="760" id="368" name="Problemas con la aplicación"/>
<child parentId="368" id="2634" name="Se congela la aplicación"/>
<child parentId="368" id="2635" name="No puedo descargar el App"/>
<child parentId="368" id="2636" name="Otros"/>
<parent branch="760" id="369" name="Otros incidentes"/>
<child parentId="369" id="2637" name="Incidente con pasajero"/>
<child parentId="369" id="2638" name="Objeto olvidado"/>
<child parentId="369" id="2639" name="Consultas"/>
<child parentId="369" id="2640" name="He recibido un parte"/>
<child parentId="369" id="2641" name="He sufrido un robo"/>
<child parentId="369" id="2642" name="Quiero hacer un reclamo"/>
<child parentId="369" id="2643" name="Firmar Declaración Jurada"/>
<parent branch="760" id="370" name="Pasajero"/>
<child parentId="370" id="2644" name="Objeto perdido"/>
<child parentId="370" id="2645" name="Incidente con conductor"/>
<child parentId="370" id="2646" name="Pagos"/>
<child parentId="370" id="2647" name="Otros"/>
</association>
